; Generated by GenerateFlipItTimeZoneCities.linq using https://github.com/unicode-org/cldr/blob/master/common/supplemental/windowsZones.xml version 2020f
Dateline Standard Time=GMT+12
UTC-11=GMT+11,Pago Pago,Niue,Midway
Aleutian Standard Time=Adak
Hawaiian Standard Time=Honolulu,Rarotonga,Tahiti,Johnston,GMT+10
Marquesas Standard Time=Marquesas
Alaskan Standard Time=Anchorage,Juneau,Metlakatla,Nome,Sitka,Yakutat
UTC-09=GMT+9,Gambier
Pacific Standard Time (Mexico)=Tijuana,Santa Isabel
UTC-08=GMT+8,Pitcairn
Pacific Standard Time=Los Angeles,Vancouver,PST8PDT
US Mountain Standard Time=Phoenix,Hermosillo,GMT+7
Mountain Standard Time (Mexico)=Chihuahua,Mazatlan
Mountain Standard Time=Denver,Edmonton,Cambridge Bay,Inuvik,Yellowknife,Ojinaga,Boise,MST7MDT
Yukon Standard Time=Whitehorse,Creston,Dawson,Dawson Creek,Fort Nelson
Central America Standard Time=Guatemala,Belize,Costa Rica,Galapagos,Tegucigalpa,Managua,El Salvador,GMT+6
Central Standard Time=Chicago,Winnipeg,Rainy River,Rankin Inlet,Resolute,Matamoros,Knox,Tell City,Menominee,Beulah,Center,New Salem,CST6CDT
Easter Island Standard Time=Easter
Central Standard Time (Mexico)=Mexico City,Bahia Banderas,Merida,Monterrey
Canada Central Standard Time=Regina,Swift Current
SA Pacific Standard Time=Bogota,Rio Branco,Eirunepe,Coral Harbour,Guayaquil,Jamaica,Cayman,Panama,Lima,GMT+5
Eastern Standard Time (Mexico)=Cancun
Eastern Standard Time=New York,Nassau,Toronto,Iqaluit,Montreal,Nipigon,Pangnirtung,Thunder Bay,Detroit,Petersburg,Vincennes,Winamac,Monticello,Louisville,EST5EDT
Haiti Standard Time=Port-au-Prince
Cuba Standard Time=Havana
US Eastern Standard Time=Indianapolis,Marengo,Vevay
Turks And Caicos Standard Time=Grand Turk
Paraguay Standard Time=Asuncion
Atlantic Standard Time=Halifax,Bermuda,Glace Bay,Goose Bay,Moncton,Thule
Venezuela Standard Time=Caracas
Central Brazilian Standard Time=Cuiaba,Campo Grande
SA Western Standard Time=La Paz,Antigua,Anguilla,Aruba,Barbados,St Barthelemy,Kralendijk,Manaus,Boa Vista,Porto Velho,Blanc-Sablon,Curacao,Dominica,Santo Domingo,Grenada,Guadeloupe,Guyana,St Kitts,St Lucia,Marigot,Martinique,Montserrat,Puerto Rico,Lower Princes,Port of Spain,St Vincent,Tortola,St Thomas,GMT+4
Pacific SA Standard Time=Santiago
Newfoundland Standard Time=St Johns
Tocantins Standard Time=Araguaina
E. South America Standard Time=Sao Paulo
SA Eastern Standard Time=Cayenne,Rothera,Palmer,Fortaleza,Belem,Maceio,Recife,Santarem,Stanley,Paramaribo,GMT+3
Argentina Standard Time=Buenos Aires,La Rioja,Rio Gallegos,Salta,San Juan,San Luis,Tucuman,Ushuaia,Catamarca,Cordoba,Jujuy,Mendoza
Greenland Standard Time=Godthab
Montevideo Standard Time=Montevideo
Magallanes Standard Time=Punta Arenas
Saint Pierre Standard Time=Miquelon
Bahia Standard Time=Bahia
UTC-02=GMT+2,Noronha,South Georgia
Azores Standard Time=Azores,Scoresbysund
Cape Verde Standard Time=Cape Verde,GMT+1
UTC=GMT,Danmarkshavn,UTC
GMT Standard Time=London,Canary,Faeroe,Guernsey,Dublin,Isle of Man,Jersey,Lisbon,Madeira
Greenwich Standard Time=Reykjavik,Ouagadougou,Abidjan,Accra,Banjul,Conakry,Bissau,Monrovia,Bamako,Nouakchott,St Helena,Freetown,Dakar,Lome
Sao Tome Standard Time=Sao Tome
Morocco Standard Time=Casablanca,El Aaiun
W. Europe Standard Time=Berlin,Andorra,Vienna,Zurich,Busingen,Gibraltar,Rome,Vaduz,Luxembourg,Monaco,Malta,Amsterdam,Oslo,Stockholm,Longyearbyen,San Marino,Vatican
Central Europe Standard Time=Budapest,Tirane,Prague,Podgorica,Belgrade,Ljubljana,Bratislava
Romance Standard Time=Paris,Brussels,Copenhagen,Madrid,Ceuta
Central European Standard Time=Warsaw,Sarajevo,Zagreb,Skopje
W. Central Africa Standard Time=Lagos,Luanda,Porto-Novo,Kinshasa,Bangui,Brazzaville,Douala,Algiers,Libreville,Malabo,Niamey,Ndjamena,Tunis,GMT-1
Jordan Standard Time=Amman
GTB Standard Time=Bucharest,Nicosia,Famagusta,Athens
Middle East Standard Time=Beirut
Egypt Standard Time=Cairo
E. Europe Standard Time=Chisinau
Syria Standard Time=Damascus
West Bank Standard Time=Hebron,Gaza
South Africa Standard Time=Johannesburg,Bujumbura,Gaborone,Lubumbashi,Maseru,Blantyre,Maputo,Kigali,Mbabane,Lusaka,Harare,GMT-2
FLE Standard Time=Kiev,Mariehamn,Sofia,Tallinn,Helsinki,Vilnius,Riga,Uzhgorod,Zaporozhye
Israel Standard Time=Jerusalem
Kaliningrad Standard Time=Kaliningrad
Sudan Standard Time=Khartoum
Libya Standard Time=Tripoli
Namibia Standard Time=Windhoek
Arabic Standard Time=Baghdad
Turkey Standard Time=Istanbul
Arab Standard Time=Riyadh,Bahrain,Kuwait,Qatar,Aden
Belarus Standard Time=Minsk
Russian Standard Time=Moscow,Kirov,Simferopol
E. Africa Standard Time=Nairobi,Syowa,Djibouti,Asmera,Addis Ababa,Comoro,Antananarivo,Mogadishu,Juba,Dar es Salaam,Kampala,Mayotte,GMT-3
Iran Standard Time=Tehran
Arabian Standard Time=Dubai,Muscat,GMT-4
Astrakhan Standard Time=Astrakhan,Ulyanovsk
Azerbaijan Standard Time=Baku
Russia Time Zone 3=Samara
Mauritius Standard Time=Mauritius,Reunion,Mahe
Saratov Standard Time=Saratov
Georgian Standard Time=Tbilisi
Volgograd Standard Time=Volgograd
Caucasus Standard Time=Yerevan
Afghanistan Standard Time=Kabul
West Asia Standard Time=Tashkent,Mawson,Oral,Aqtau,Aqtobe,Atyrau,Maldives,Kerguelen,Dushanbe,Ashgabat,Samarkand,GMT-5
Ekaterinburg Standard Time=Yekaterinburg
Pakistan Standard Time=Karachi
Qyzylorda Standard Time=Qyzylorda
India Standard Time=Calcutta
Sri Lanka Standard Time=Colombo
Nepal Standard Time=Katmandu
Central Asia Standard Time=Almaty,Vostok,Urumqi,Chagos,Bishkek,Qostanay,GMT-6
Bangladesh Standard Time=Dhaka,Thimphu
Omsk Standard Time=Omsk
Myanmar Standard Time=Rangoon,Cocos
SE Asia Standard Time=Bangkok,Davis,Christmas,Jakarta,Pontianak,Phnom Penh,Vientiane,Saigon,GMT-7
Altai Standard Time=Barnaul
W. Mongolia Standard Time=Hovd
North Asia Standard Time=Krasnoyarsk,Novokuznetsk
N. Central Asia Standard Time=Novosibirsk
Tomsk Standard Time=Tomsk
China Standard Time=Shanghai,Hong Kong,Macau
North Asia East Standard Time=Irkutsk
Singapore Standard Time=Singapore,Brunei,Makassar,Kuala Lumpur,Kuching,Manila,GMT-8
W. Australia Standard Time=Perth
Taipei Standard Time=Taipei
Ulaanbaatar Standard Time=Ulaanbaatar,Choibalsan
Aus Central W. Standard Time=Eucla
Transbaikal Standard Time=Chita
Tokyo Standard Time=Tokyo,Jayapura,Palau,Dili,GMT-9
North Korea Standard Time=Pyongyang
Korea Standard Time=Seoul
Yakutsk Standard Time=Yakutsk,Khandyga
Cen. Australia Standard Time=Adelaide,Broken Hill
AUS Central Standard Time=Darwin
E. Australia Standard Time=Brisbane,Lindeman
AUS Eastern Standard Time=Sydney,Melbourne
West Pacific Standard Time=Port Moresby,DumontDUrville,Truk,Guam,Saipan,GMT-10
Tasmania Standard Time=Hobart,Currie,Macquarie
Vladivostok Standard Time=Vladivostok,Ust-Nera
Lord Howe Standard Time=Lord Howe
Bougainville Standard Time=Bougainville
Russia Time Zone 10=Srednekolymsk
Magadan Standard Time=Magadan
Norfolk Standard Time=Norfolk
Sakhalin Standard Time=Sakhalin
Central Pacific Standard Time=Guadalcanal,Casey,Ponape,Kosrae,Noumea,Efate,GMT-11
Russia Time Zone 11=Kamchatka,Anadyr
New Zealand Standard Time=Auckland,McMurdo
UTC+12=GMT-12,Tarawa,Majuro,Kwajalein,Nauru,Funafuti,Wake,Wallis
Fiji Standard Time=Fiji
Chatham Islands Standard Time=Chatham
UTC+13=GMT-13,Enderbury,Fakaofo
Tonga Standard Time=Tongatapu
Samoa Standard Time=Apia
Line Islands Standard Time=Kiritimati,GMT-14
